elapsed_s,pid,ram_mb,handles,threads,tcp554,all_healthy,health_json
0.0,23860,227.8,577,9,4,True,"{""CAM-07"": {""state"": ""OPEN"", ""healthy"": true, ""fps"": 15.0, ""resolution"": ""1280x720"", ""last_frame_age_ms"": 31, ""stall_count"": 0, ""readable_frames"": 155, ""queue_depth"": 8, ""last_error"": """"}, ""CAM-01"": {""state"": ""OPEN"", ""healthy"": true, ""fps"": 7.0, ""resolution"": ""352x240"", ""last_frame_age_ms"": 16, ""stall_count"": 0, ""readable_frames"": 94, ""queue_depth"": 8, ""last_error"": """"}, ""CAM-05"": {""state"": ""OPEN"", ""healthy"": true, ""fps"": 7.0, ""resolution"": ""352x240"", ""last_frame_age_ms"": 63, ""stall_count"": 0, ""readable_frames"": 17, ""queue_depth"": 8, ""last_error"": """"}, ""CAM-03"": {""state"": ""OPEN"", ""healthy"": true, ""fps"": 7.0, ""resolution"": ""352x240"", ""last_frame_age_ms"": 125, ""stall_count"": 0, ""readable_frames"": 48, ""queue_depth"": 8, ""last_error"": """"}}"
5.0,23860,230.0,577,9,4,True,"{""CAM-07"": {""state"": ""OPEN"", ""healthy"": true, ""fps"": 15.0, ""resolution"": ""1280x720"", ""last_frame_age_ms"": 94, ""stall_count"": 0, ""readable_frames"": 230, ""queue_depth"": 8, ""last_error"": """"}, ""CAM-01"": {""state"": ""OPEN"", ""healthy"": true, ""fps"": 7.0, ""resolution"": ""352x240"", ""last_frame_age_ms"": 547, ""stall_count"": 0, ""readable_frames"": 124, ""queue_depth"": 8, ""last_error"": """"}, ""CAM-05"": {""state"": ""OPEN"", ""healthy"": true, ""fps"": 7.0, ""resolution"": ""352x240"", ""last_frame_age_ms"": 0, ""stall_count"": 0, ""readable_frames"": 52, ""queue_depth"": 8, ""last_error"": """"}, ""CAM-03"": {""state"": ""OPEN"", ""healthy"": true, ""fps"": 7.0, ""resolution"": ""352x240"", ""last_frame_age_ms"": 15, ""stall_count"": 0, ""readable_frames"": 84, ""queue_depth"": 8, ""last_error"": """"}}"
10.0,23860,230.1,577,9,4,True,"{""CAM-07"": {""state"": ""OPEN"", ""healthy"": true, ""fps"": 15.0, ""resolution"": ""1280x720"", ""last_frame_age_ms"": 16, ""stall_count"": 0, ""readable_frames"": 306, ""queue_depth"": 8, ""last_error"": """"}, ""CAM-01"": {""state"": ""OPEN"", ""healthy"": true, ""fps"": 7.0, ""resolution"": ""352x240"", ""last_frame_age_ms"": 47, ""stall_count"": 0, ""readable_frames"": 164, ""queue_depth"": 8, ""last_error"": """"}, ""CAM-05"": {""state"": ""OPEN"", ""healthy"": true, ""fps"": 7.0, ""resolution"": ""352x240"", ""last_frame_age_ms"": 94, ""stall_count"": 0, ""readable_frames"": 87, ""queue_depth"": 8, ""last_error"": """"}, ""CAM-03"": {""state"": ""OPEN"", ""healthy"": true, ""fps"": 7.0, ""resolution"": ""352x240"", ""last_frame_age_ms"": 16, ""stall_count"": 0, ""readable_frames"": 119, ""queue_depth"": 8, ""last_error"": """"}}"
15.1,23860,230.3,577,9,4,True,"{""CAM-07"": {""state"": ""OPEN"", ""healthy"": true, ""fps"": 15.0, ""resolution"": ""1280x720"", ""last_frame_age_ms"": 30, ""stall_count"": 0, ""readable_frames"": 381, ""queue_depth"": 8, ""last_error"": """"}, ""CAM-01"": {""state"": ""OPEN"", ""healthy"": true, ""fps"": 7.0, ""resolution"": ""352x240"", ""last_frame_age_ms"": 170, ""stall_count"": 0, ""readable_frames"": 199, ""queue_depth"": 8, ""last_error"": """"}, ""CAM-05"": {""state"": ""OPEN"", ""healthy"": true, ""fps"": 7.0, ""resolution"": ""352x240"", ""last_frame_age_ms"": 592, ""stall_count"": 0, ""readable_frames"": 117, ""queue_depth"": 8, ""last_error"": """"}, ""CAM-03"": {""state"": ""OPEN"", ""healthy"": true, ""fps"": 7.0, ""resolution"": ""352x240"", ""last_frame_age_ms"": 30, ""stall_count"": 0, ""readable_frames"": 154, ""queue_depth"": 8, ""last_error"": """"}}"
20.1,23860,230.3,577,9,4,True,"{""CAM-07"": {""state"": ""OPEN"", ""healthy"": true, ""fps"": 15.0, ""resolution"": ""1280x720"", ""last_frame_age_ms"": 46, ""stall_count"": 0, ""readable_frames"": 456, ""queue_depth"": 8, ""last_error"": """"}, ""CAM-01"": {""state"": ""OPEN"", ""healthy"": true, ""fps"": 7.0, ""resolution"": ""352x240"", ""last_frame_age_ms"": 186, ""stall_count"": 0, ""readable_frames"": 234, ""queue_depth"": 8, ""last_error"": """"}, ""CAM-05"": {""state"": ""OPEN"", ""healthy"": true, ""fps"": 7.0, ""resolution"": ""352x240"", ""last_frame_age_ms"": 436, ""stall_count"": 0, ""readable_frames"": 155, ""queue_depth"": 8, ""last_error"": """"}, ""CAM-03"": {""state"": ""OPEN"", ""healthy"": true, ""fps"": 7.0, ""resolution"": ""352x240"", ""last_frame_age_ms"": 16, ""stall_count"": 0, ""readable_frames"": 189, ""queue_depth"": 8, ""last_error"": """"}}"
25.1,23860,231.0,577,9,4,True,"{""CAM-07"": {""state"": ""OPEN"", ""healthy"": true, ""fps"": 15.0, ""resolution"": ""1280x720"", ""last_frame_age_ms"": 0, ""stall_count"": 0, ""readable_frames"": 532, ""queue_depth"": 8, ""last_error"": """"}, ""CAM-01"": {""state"": ""OPEN"", ""healthy"": true, ""fps"": 7.0, ""resolution"": ""352x240"", ""last_frame_age_ms"": 202, ""stall_count"": 0, ""readable_frames"": 269, ""queue_depth"": 8, ""last_error"": """"}, ""CAM-05"": {""state"": ""OPEN"", ""healthy"": true, ""fps"": 7.0, ""resolution"": ""352x240"", ""last_frame_age_ms"": 62, ""stall_count"": 0, ""readable_frames"": 193, ""queue_depth"": 8, ""last_error"": """"}, ""CAM-03"": {""state"": ""OPEN"", ""healthy"": true, ""fps"": 7.0, ""resolution"": ""352x240"", ""last_frame_age_ms"": 77, ""stall_count"": 0, ""readable_frames"": 224, ""queue_depth"": 8, ""last_error"": """"}}"
30.1,23860,231.0,577,9,4,True,"{""CAM-07"": {""state"": ""OPEN"", ""healthy"": true, ""fps"": 15.0, ""resolution"": ""1280x720"", ""last_frame_age_ms"": 0, ""stall_count"": 0, ""readable_frames"": 607, ""queue_depth"": 8, ""last_error"": """"}, ""CAM-01"": {""state"": ""OPEN"", ""healthy"": true, ""fps"": 7.0, ""resolution"": ""352x240"", ""last_frame_age_ms"": 31, ""stall_count"": 0, ""readable_frames"": 305, ""queue_depth"": 8, ""last_error"": """"}, ""CAM-05"": {""state"": ""OPEN"", ""healthy"": true, ""fps"": 7.0, ""resolution"": ""352x240"", ""last_frame_age_ms"": 61, ""stall_count"": 0, ""readable_frames"": 228, ""queue_depth"": 8, ""last_error"": """"}, ""CAM-03"": {""state"": ""OPEN"", ""healthy"": true, ""fps"": 7.0, ""resolution"": ""352x240"", ""last_frame_age_ms"": 422, ""stall_count"": 0, ""readable_frames"": 257, ""queue_depth"": 8, ""last_error"": """"}}"
35.1,23860,231.0,575,9,4,True,"{""CAM-07"": {""state"": ""OPEN"", ""healthy"": true, ""fps"": 15.0, ""resolution"": ""1280x720"", ""last_frame_age_ms"": 16, ""stall_count"": 0, ""readable_frames"": 681, ""queue_depth"": 8, ""last_error"": """"}, ""CAM-01"": {""state"": ""OPEN"", ""healthy"": true, ""fps"": 7.0, ""resolution"": ""352x240"", ""last_frame_age_ms"": 31, ""stall_count"": 0, ""readable_frames"": 340, ""queue_depth"": 8, ""last_error"": """"}, ""CAM-05"": {""state"": ""OPEN"", ""healthy"": true, ""fps"": 7.0, ""resolution"": ""352x240"", ""last_frame_age_ms"": 77, ""stall_count"": 0, ""readable_frames"": 263, ""queue_depth"": 8, ""last_error"": """"}, ""CAM-03"": {""state"": ""OPEN"", ""healthy"": true, ""fps"": 7.0, ""resolution"": ""352x240"", ""last_frame_age_ms"": 233, ""stall_count"": 0, ""readable_frames"": 293, ""queue_depth"": 8, ""last_error"": """"}}"
40.1,23860,231.2,575,9,4,True,"{""CAM-07"": {""state"": ""OPEN"", ""healthy"": true, ""fps"": 15.0, ""resolution"": ""1280x720"", ""last_frame_age_ms"": 16, ""stall_count"": 0, ""readable_frames"": 757, ""queue_depth"": 8, ""last_error"": """"}, ""CAM-01"": {""state"": ""OPEN"", ""healthy"": true, ""fps"": 7.0, ""resolution"": ""352x240"", ""last_frame_age_ms"": 47, ""stall_count"": 0, ""readable_frames"": 375, ""queue_depth"": 8, ""last_error"": """"}, ""CAM-05"": {""state"": ""OPEN"", ""healthy"": true, ""fps"": 7.0, ""resolution"": ""352x240"", ""last_frame_age_ms"": 218, ""stall_count"": 0, ""readable_frames"": 297, ""queue_depth"": 8, ""last_error"": """"}, ""CAM-03"": {""state"": ""OPEN"", ""healthy"": true, ""fps"": 7.0, ""resolution"": ""352x240"", ""last_frame_age_ms"": 266, ""stall_count"": 0, ""readable_frames"": 328, ""queue_depth"": 8, ""last_error"": """"}}"
45.2,23860,230.8,575,9,4,True,"{""CAM-07"": {""state"": ""OPEN"", ""healthy"": true, ""fps"": 15.0, ""resolution"": ""1280x720"", ""last_frame_age_ms"": 156, ""stall_count"": 0, ""readable_frames"": 824, ""queue_depth"": 8, ""last_error"": """"}, ""CAM-01"": {""state"": ""OPEN"", ""healthy"": true, ""fps"": 7.0, ""resolution"": ""352x240"", ""last_frame_age_ms"": 78, ""stall_count"": 0, ""readable_frames"": 410, ""queue_depth"": 8, ""last_error"": """"}, ""CAM-05"": {""state"": ""OPEN"", ""healthy"": true, ""fps"": 7.0, ""resolution"": ""352x240"", ""last_frame_age_ms"": 233, ""stall_count"": 0, ""readable_frames"": 332, ""queue_depth"": 8, ""last_error"": """"}, ""CAM-03"": {""state"": ""OPEN"", ""healthy"": true, ""fps"": 7.0, ""resolution"": ""352x240"", ""last_frame_age_ms"": 15, ""stall_count"": 0, ""readable_frames"": 365, ""queue_depth"": 8, ""last_error"": """"}}"
50.2,23860,231.3,575,9,4,True,"{""CAM-07"": {""state"": ""OPEN"", ""healthy"": true, ""fps"": 15.0, ""resolution"": ""1280x720"", ""last_frame_age_ms"": 16, ""stall_count"": 0, ""readable_frames"": 908, ""queue_depth"": 8, ""last_error"": """"}, ""CAM-01"": {""state"": ""OPEN"", ""healthy"": true, ""fps"": 7.0, ""resolution"": ""352x240"", ""last_frame_age_ms"": 297, ""stall_count"": 0, ""readable_frames"": 444, ""queue_depth"": 8, ""last_error"": """"}, ""CAM-05"": {""state"": ""OPEN"", ""healthy"": true, ""fps"": 7.0, ""resolution"": ""352x240"", ""last_frame_age_ms"": 141, ""stall_count"": 0, ""readable_frames"": 368, ""queue_depth"": 8, ""last_error"": """"}, ""CAM-03"": {""state"": ""OPEN"", ""healthy"": true, ""fps"": 7.0, ""resolution"": ""352x240"", ""last_frame_age_ms"": 31, ""stall_count"": 0, ""readable_frames"": 400, ""queue_depth"": 8, ""last_error"": """"}}"
55.2,23860,230.9,575,9,4,True,"{""CAM-07"": {""state"": ""OPEN"", ""healthy"": true, ""fps"": 15.0, ""resolution"": ""1280x720"", ""last_frame_age_ms"": 108, ""stall_count"": 0, ""readable_frames"": 982, ""queue_depth"": 8, ""last_error"": """"}, ""CAM-01"": {""state"": ""OPEN"", ""healthy"": true, ""fps"": 7.0, ""resolution"": ""352x240"", ""last_frame_age_ms"": 92, ""stall_count"": 0, ""readable_frames"": 480, ""queue_depth"": 8, ""last_error"": """"}, ""CAM-05"": {""state"": ""OPEN"", ""healthy"": true, ""fps"": 7.0, ""resolution"": ""352x240"", ""last_frame_age_ms"": 14, ""stall_count"": 0, ""readable_frames"": 404, ""queue_depth"": 8, ""last_error"": """"}, ""CAM-03"": {""state"": ""OPEN"", ""healthy"": true, ""fps"": 7.0, ""resolution"": ""352x240"", ""last_frame_age_ms"": 500, ""stall_count"": 0, ""readable_frames"": 432, ""queue_depth"": 8, ""last_error"": """"}}"
60.2,23860,230.9,575,9,4,True,"{""CAM-07"": {""state"": ""OPEN"", ""healthy"": true, ""fps"": 15.0, ""resolution"": ""1280x720"", ""last_frame_age_ms"": 61, ""stall_count"": 0, ""readable_frames"": 1058, ""queue_depth"": 8, ""last_error"": """"}, ""CAM-01"": {""state"": ""OPEN"", ""healthy"": true, ""fps"": 7.0, ""resolution"": ""352x240"", ""last_frame_age_ms"": 108, ""stall_count"": 0, ""readable_frames"": 515, ""queue_depth"": 8, ""last_error"": """"}, ""CAM-05"": {""state"": ""OPEN"", ""healthy"": true, ""fps"": 7.0, ""resolution"": ""352x240"", ""last_frame_age_ms"": 155, ""stall_count"": 0, ""readable_frames"": 438, ""queue_depth"": 8, ""last_error"": """"}, ""CAM-03"": {""state"": ""OPEN"", ""healthy"": true, ""fps"": 7.0, ""resolution"": ""352x240"", ""last_frame_age_ms"": 61, ""stall_count"": 0, ""readable_frames"": 470, ""queue_depth"": 8, ""last_error"": """"}}"
65.2,23860,230.9,575,9,4,True,"{""CAM-07"": {""state"": ""OPEN"", ""healthy"": true, ""fps"": 15.0, ""resolution"": ""1280x720"", ""last_frame_age_ms"": 62, ""stall_count"": 0, ""readable_frames"": 1132, ""queue_depth"": 8, ""last_error"": """"}, ""CAM-01"": {""state"": ""OPEN"", ""healthy"": true, ""fps"": 7.0, ""resolution"": ""352x240"", ""last_frame_age_ms"": 0, ""stall_count"": 0, ""readable_frames"": 551, ""queue_depth"": 8, ""last_error"": """"}, ""CAM-05"": {""state"": ""OPEN"", ""healthy"": true, ""fps"": 7.0, ""resolution"": ""352x240"", ""last_frame_age_ms"": 46, ""stall_count"": 0, ""readable_frames"": 474, ""queue_depth"": 8, ""last_error"": """"}, ""CAM-03"": {""state"": ""OPEN"", ""healthy"": true, ""fps"": 7.0, ""resolution"": ""352x240"", ""last_frame_age_ms"": 77, ""stall_count"": 0, ""readable_frames"": 505, ""queue_depth"": 8, ""last_error"": """"}}"
70.2,23860,231.3,575,9,4,True,"{""CAM-07"": {""state"": ""OPEN"", ""healthy"": true, ""fps"": 15.0, ""resolution"": ""1280x720"", ""last_frame_age_ms"": 15, ""stall_count"": 0, ""readable_frames"": 1209, ""queue_depth"": 8, ""last_error"": """"}, ""CAM-01"": {""state"": ""OPEN"", ""healthy"": true, ""fps"": 7.0, ""resolution"": ""352x240"", ""last_frame_age_ms"": 625, ""stall_count"": 0, ""readable_frames"": 582, ""queue_depth"": 8, ""last_error"": """"}, ""CAM-05"": {""state"": ""OPEN"", ""healthy"": true, ""fps"": 7.0, ""resolution"": ""352x240"", ""last_frame_age_ms"": 31, ""stall_count"": 0, ""readable_frames"": 509, ""queue_depth"": 8, ""last_error"": """"}, ""CAM-03"": {""state"": ""OPEN"", ""healthy"": true, ""fps"": 7.0, ""resolution"": ""352x240"", ""last_frame_age_ms"": 77, ""stall_count"": 0, ""readable_frames"": 540, ""queue_depth"": 8, ""last_error"": """"}}"
75.2,23860,231.2,575,9,4,True,"{""CAM-07"": {""state"": ""OPEN"", ""healthy"": true, ""fps"": 15.0, ""resolution"": ""1280x720"", ""last_frame_age_ms"": 47, ""stall_count"": 0, ""readable_frames"": 1284, ""queue_depth"": 8, ""last_error"": """"}, ""CAM-01"": {""state"": ""OPEN"", ""healthy"": true, ""fps"": 7.0, ""resolution"": ""352x240"", ""last_frame_age_ms"": 250, ""stall_count"": 0, ""readable_frames"": 619, ""queue_depth"": 8, ""last_error"": """"}, ""CAM-05"": {""state"": ""OPEN"", ""healthy"": true, ""fps"": 7.0, ""resolution"": ""352x240"", ""last_frame_age_ms"": 31, ""stall_count"": 0, ""readable_frames"": 544, ""queue_depth"": 8, ""last_error"": """"}, ""CAM-03"": {""state"": ""OPEN"", ""healthy"": true, ""fps"": 7.0, ""resolution"": ""352x240"", ""last_frame_age_ms"": 77, ""stall_count"": 0, ""readable_frames"": 575, ""queue_depth"": 8, ""last_error"": """"}}"
80.3,23860,231.2,575,9,4,True,"{""CAM-07"": {""state"": ""OPEN"", ""healthy"": true, ""fps"": 15.0, ""resolution"": ""1280x720"", ""last_frame_age_ms"": 47, ""stall_count"": 0, ""readable_frames"": 1359, ""queue_depth"": 8, ""last_error"": """"}, ""CAM-01"": {""state"": ""OPEN"", ""healthy"": true, ""fps"": 7.0, ""resolution"": ""352x240"", ""last_frame_age_ms"": 47, ""stall_count"": 0, ""readable_frames"": 656, ""queue_depth"": 8, ""last_error"": """"}, ""CAM-05"": {""state"": ""OPEN"", ""healthy"": true, ""fps"": 7.0, ""resolution"": ""352x240"", ""last_frame_age_ms"": 93, ""stall_count"": 0, ""readable_frames"": 579, ""queue_depth"": 8, ""last_error"": """"}, ""CAM-03"": {""state"": ""OPEN"", ""healthy"": true, ""fps"": 7.0, ""resolution"": ""352x240"", ""last_frame_age_ms"": 125, ""stall_count"": 0, ""readable_frames"": 610, ""queue_depth"": 8, ""last_error"": """"}}"
85.3,23860,231.2,575,9,4,True,"{""CAM-07"": {""state"": ""OPEN"", ""healthy"": true, ""fps"": 15.0, ""resolution"": ""1280x720"", ""last_frame_age_ms"": 78, ""stall_count"": 0, ""readable_frames"": 1434, ""queue_depth"": 8, ""last_error"": """"}, ""CAM-01"": {""state"": ""OPEN"", ""healthy"": true, ""fps"": 7.0, ""resolution"": ""352x240"", ""last_frame_age_ms"": 78, ""stall_count"": 0, ""readable_frames"": 691, ""queue_depth"": 8, ""last_error"": """"}, ""CAM-05"": {""state"": ""OPEN"", ""healthy"": true, ""fps"": 7.0, ""resolution"": ""352x240"", ""last_frame_age_ms"": 108, ""stall_count"": 0, ""readable_frames"": 614, ""queue_depth"": 8, ""last_error"": """"}, ""CAM-03"": {""state"": ""OPEN"", ""healthy"": true, ""fps"": 7.0, ""resolution"": ""352x240"", ""last_frame_age_ms"": 1625, ""stall_count"": 0, ""readable_frames"": 635, ""queue_depth"": 8, ""last_error"": """"}}"
90.3,23860,231.2,575,9,4,True,"{""CAM-07"": {""state"": ""OPEN"", ""healthy"": true, ""fps"": 15.0, ""resolution"": ""1280x720"", ""last_frame_age_ms"": 16, ""stall_count"": 0, ""readable_frames"": 1510, ""queue_depth"": 8, ""last_error"": """"}, ""CAM-01"": {""state"": ""OPEN"", ""healthy"": true, ""fps"": 7.0, ""resolution"": ""352x240"", ""last_frame_age_ms"": 94, ""stall_count"": 0, ""readable_frames"": 725, ""queue_depth"": 8, ""last_error"": """"}, ""CAM-05"": {""state"": ""OPEN"", ""healthy"": true, ""fps"": 7.0, ""resolution"": ""352x240"", ""last_frame_age_ms"": 110, ""stall_count"": 0, ""readable_frames"": 649, ""queue_depth"": 8, ""last_error"": """"}, ""CAM-03"": {""state"": ""OPEN"", ""healthy"": true, ""fps"": 7.0, ""resolution"": ""352x240"", ""last_frame_age_ms"": 16, ""stall_count"": 0, ""readable_frames"": 681, ""queue_depth"": 8, ""last_error"": """"}}"
95.3,23860,231.2,575,9,4,True,"{""CAM-07"": {""state"": ""OPEN"", ""healthy"": true, ""fps"": 15.0, ""resolution"": ""1280x720"", ""last_frame_age_ms"": 30, ""stall_count"": 0, ""readable_frames"": 1585, ""queue_depth"": 8, ""last_error"": """"}, ""CAM-01"": {""state"": ""OPEN"", ""healthy"": true, ""fps"": 7.0, ""resolution"": ""352x240"", ""last_frame_age_ms"": 92, ""stall_count"": 0, ""readable_frames"": 761, ""queue_depth"": 8, ""last_error"": """"}, ""CAM-05"": {""state"": ""OPEN"", ""healthy"": true, ""fps"": 7.0, ""resolution"": ""352x240"", ""last_frame_age_ms"": 125, ""stall_count"": 0, ""readable_frames"": 684, ""queue_depth"": 8, ""last_error"": """"}, ""CAM-03"": {""state"": ""OPEN"", ""healthy"": true, ""fps"": 7.0, ""resolution"": ""352x240"", ""last_frame_age_ms"": 30, ""stall_count"": 0, ""readable_frames"": 716, ""queue_depth"": 8, ""last_error"": """"}}"
100.3,23860,230.6,575,9,4,True,"{""CAM-07"": {""state"": ""OPEN"", ""healthy"": true, ""fps"": 15.0, ""resolution"": ""1280x720"", ""last_frame_age_ms"": 186, ""stall_count"": 0, ""readable_frames"": 1658, ""queue_depth"": 8, ""last_error"": """"}, ""CAM-01"": {""state"": ""OPEN"", ""healthy"": true, ""fps"": 7.0, ""resolution"": ""352x240"", ""last_frame_age_ms"": 108, ""stall_count"": 0, ""readable_frames"": 796, ""queue_depth"": 8, ""last_error"": """"}, ""CAM-05"": {""state"": ""OPEN"", ""healthy"": true, ""fps"": 7.0, ""resolution"": ""352x240"", ""last_frame_age_ms"": 141, ""stall_count"": 0, ""readable_frames"": 719, ""queue_depth"": 8, ""last_error"": """"}, ""CAM-03"": {""state"": ""OPEN"", ""healthy"": true, ""fps"": 7.0, ""resolution"": ""352x240"", ""last_frame_age_ms"": 46, ""stall_count"": 0, ""readable_frames"": 751, ""queue_depth"": 8, ""last_error"": """"}}"
105.3,23860,231.3,575,9,4,True,"{""CAM-07"": {""state"": ""OPEN"", ""healthy"": true, ""fps"": 15.0, ""resolution"": ""1280x720"", ""last_frame_age_ms"": 32, ""stall_count"": 0, ""readable_frames"": 1735, ""queue_depth"": 8, ""last_error"": """"}, ""CAM-01"": {""state"": ""OPEN"", ""healthy"": true, ""fps"": 7.0, ""resolution"": ""352x240"", ""last_frame_age_ms"": 16, ""stall_count"": 0, ""readable_frames"": 832, ""queue_depth"": 8, ""last_error"": """"}, ""CAM-05"": {""state"": ""OPEN"", ""healthy"": true, ""fps"": 7.0, ""resolution"": ""352x240"", ""last_frame_age_ms"": 157, ""stall_count"": 0, ""readable_frames"": 754, ""queue_depth"": 8, ""last_error"": """"}, ""CAM-03"": {""state"": ""OPEN"", ""healthy"": true, ""fps"": 7.0, ""resolution"": ""352x240"", ""last_frame_age_ms"": 46, ""stall_count"": 0, ""readable_frames"": 786, ""queue_depth"": 8, ""last_error"": """"}}"
110.4,23860,231.5,575,9,4,True,"{""CAM-07"": {""state"": ""OPEN"", ""healthy"": true, ""fps"": 15.0, ""resolution"": ""1280x720"", ""last_frame_age_ms"": 61, ""stall_count"": 0, ""readable_frames"": 1810, ""queue_depth"": 8, ""last_error"": """"}, ""CAM-01"": {""state"": ""OPEN"", ""healthy"": true, ""fps"": 7.0, ""resolution"": ""352x240"", ""last_frame_age_ms"": 15, ""stall_count"": 0, ""readable_frames"": 867, ""queue_depth"": 8, ""last_error"": """"}, ""CAM-05"": {""state"": ""OPEN"", ""healthy"": true, ""fps"": 7.0, ""resolution"": ""352x240"", ""last_frame_age_ms"": 156, ""stall_count"": 0, ""readable_frames"": 789, ""queue_depth"": 8, ""last_error"": """"}, ""CAM-03"": {""state"": ""OPEN"", ""healthy"": true, ""fps"": 7.0, ""resolution"": ""352x240"", ""last_frame_age_ms"": 92, ""stall_count"": 0, ""readable_frames"": 821, ""queue_depth"": 8, ""last_error"": """"}}"
115.4,23860,234.1,575,9,4,True,"{""CAM-07"": {""state"": ""OPEN"", ""healthy"": true, ""fps"": 15.0, ""resolution"": ""1280x720"", ""last_frame_age_ms"": 93, ""stall_count"": 0, ""readable_frames"": 1885, ""queue_depth"": 8, ""last_error"": """"}, ""CAM-01"": {""state"": ""OPEN"", ""healthy"": true, ""fps"": 7.0, ""resolution"": ""352x240"", ""last_frame_age_ms"": 125, ""stall_count"": 0, ""readable_frames"": 901, ""queue_depth"": 8, ""last_error"": """"}, ""CAM-05"": {""state"": ""OPEN"", ""healthy"": true, ""fps"": 7.0, ""resolution"": ""352x240"", ""last_frame_age_ms"": 188, ""stall_count"": 0, ""readable_frames"": 824, ""queue_depth"": 8, ""last_error"": """"}, ""CAM-03"": {""state"": ""OPEN"", ""healthy"": true, ""fps"": 7.0, ""resolution"": ""352x240"", ""last_frame_age_ms"": 358, ""stall_count"": 0, ""readable_frames"": 854, ""queue_depth"": 8, ""last_error"": """"}}"
120.4,23860,231.5,575,9,4,True,"{""CAM-07"": {""state"": ""OPEN"", ""healthy"": true, ""fps"": 15.0, ""resolution"": ""1280x720"", ""last_frame_age_ms"": 32, ""stall_count"": 0, ""readable_frames"": 1961, ""queue_depth"": 8, ""last_error"": """"}, ""CAM-01"": {""state"": ""OPEN"", ""healthy"": true, ""fps"": 7.0, ""resolution"": ""352x240"", ""last_frame_age_ms"": 188, ""stall_count"": 0, ""readable_frames"": 936, ""queue_depth"": 8, ""last_error"": """"}, ""CAM-05"": {""state"": ""OPEN"", ""healthy"": true, ""fps"": 7.0, ""resolution"": ""352x240"", ""last_frame_age_ms"": 16, ""stall_count"": 0, ""readable_frames"": 860, ""queue_depth"": 8, ""last_error"": """"}, ""CAM-03"": {""state"": ""OPEN"", ""healthy"": true, ""fps"": 7.0, ""resolution"": ""352x240"", ""last_frame_age_ms"": 63, ""stall_count"": 0, ""readable_frames"": 888, ""queue_depth"": 8, ""last_error"": """"}}"
125.4,23860,231.7,575,9,4,True,"{""CAM-07"": {""state"": ""OPEN"", ""healthy"": true, ""fps"": 15.0, ""resolution"": ""1280x720"", ""last_frame_age_ms"": 62, ""stall_count"": 0, ""readable_frames"": 2036, ""queue_depth"": 8, ""last_error"": """"}, ""CAM-01"": {""state"": ""OPEN"", ""healthy"": true, ""fps"": 7.0, ""resolution"": ""352x240"", ""last_frame_age_ms"": 47, ""stall_count"": 0, ""readable_frames"": 972, ""queue_depth"": 8, ""last_error"": """"}, ""CAM-05"": {""state"": ""OPEN"", ""healthy"": true, ""fps"": 7.0, ""resolution"": ""352x240"", ""last_frame_age_ms"": 15, ""stall_count"": 0, ""readable_frames"": 895, ""queue_depth"": 8, ""last_error"": """"}, ""CAM-03"": {""state"": ""OPEN"", ""healthy"": true, ""fps"": 7.0, ""resolution"": ""352x240"", ""last_frame_age_ms"": 15, ""stall_count"": 0, ""readable_frames"": 927, ""queue_depth"": 8, ""last_error"": """"}}"
130.4,23860,231.7,575,9,4,True,"{""CAM-07"": {""state"": ""OPEN"", ""healthy"": true, ""fps"": 15.0, ""resolution"": ""1280x720"", ""last_frame_age_ms"": 63, ""stall_count"": 0, ""readable_frames"": 2111, ""queue_depth"": 8, ""last_error"": """"}, ""CAM-01"": {""state"": ""OPEN"", ""healthy"": true, ""fps"": 7.0, ""resolution"": ""352x240"", ""last_frame_age_ms"": 63, ""stall_count"": 0, ""readable_frames"": 1007, ""queue_depth"": 8, ""last_error"": """"}, ""CAM-05"": {""state"": ""OPEN"", ""healthy"": true, ""fps"": 7.0, ""resolution"": ""352x240"", ""last_frame_age_ms"": 31, ""stall_count"": 0, ""readable_frames"": 930, ""queue_depth"": 8, ""last_error"": """"}, ""CAM-03"": {""state"": ""OPEN"", ""healthy"": true, ""fps"": 7.0, ""resolution"": ""352x240"", ""last_frame_age_ms"": 16, ""stall_count"": 0, ""readable_frames"": 961, ""queue_depth"": 8, ""last_error"": """"}}"
135.4,23860,231.7,575,9,4,True,"{""CAM-07"": {""state"": ""OPEN"", ""healthy"": true, ""fps"": 15.0, ""resolution"": ""1280x720"", ""last_frame_age_ms"": 14, ""stall_count"": 0, ""readable_frames"": 2187, ""queue_depth"": 8, ""last_error"": """"}, ""CAM-01"": {""state"": ""OPEN"", ""healthy"": true, ""fps"": 7.0, ""resolution"": ""352x240"", ""last_frame_age_ms"": 77, ""stall_count"": 0, ""readable_frames"": 1042, ""queue_depth"": 8, ""last_error"": """"}, ""CAM-05"": {""state"": ""OPEN"", ""healthy"": true, ""fps"": 7.0, ""resolution"": ""352x240"", ""last_frame_age_ms"": 45, ""stall_count"": 0, ""readable_frames"": 965, ""queue_depth"": 8, ""last_error"": """"}, ""CAM-03"": {""state"": ""OPEN"", ""healthy"": true, ""fps"": 7.0, ""resolution"": ""352x240"", ""last_frame_age_ms"": 14, ""stall_count"": 0, ""readable_frames"": 997, ""queue_depth"": 8, ""last_error"": """"}}"
140.5,23860,231.9,575,9,4,True,"{""CAM-07"": {""state"": ""OPEN"", ""healthy"": true, ""fps"": 15.0, ""resolution"": ""1280x720"", ""last_frame_age_ms"": 16, ""stall_count"": 0, ""readable_frames"": 2262, ""queue_depth"": 8, ""last_error"": """"}, ""CAM-01"": {""state"": ""OPEN"", ""healthy"": true, ""fps"": 7.0, ""resolution"": ""352x240"", ""last_frame_age_ms"": 250, ""stall_count"": 0, ""readable_frames"": 1076, ""queue_depth"": 8, ""last_error"": """"}, ""CAM-05"": {""state"": ""OPEN"", ""healthy"": true, ""fps"": 7.0, ""resolution"": ""352x240"", ""last_frame_age_ms"": 77, ""stall_count"": 0, ""readable_frames"": 1000, ""queue_depth"": 8, ""last_error"": """"}, ""CAM-03"": {""state"": ""OPEN"", ""healthy"": true, ""fps"": 7.0, ""resolution"": ""352x240"", ""last_frame_age_ms"": 30, ""stall_count"": 0, ""readable_frames"": 1032, ""queue_depth"": 8, ""last_error"": """"}}"
145.5,23860,231.9,575,9,4,True,"{""CAM-07"": {""state"": ""OPEN"", ""healthy"": true, ""fps"": 15.0, ""resolution"": ""1280x720"", ""last_frame_age_ms"": 46, ""stall_count"": 0, ""readable_frames"": 2337, ""queue_depth"": 8, ""last_error"": """"}, ""CAM-01"": {""state"": ""OPEN"", ""healthy"": true, ""fps"": 7.0, ""resolution"": ""352x240"", ""last_frame_age_ms"": 141, ""stall_count"": 0, ""readable_frames"": 1112, ""queue_depth"": 8, ""last_error"": """"}, ""CAM-05"": {""state"": ""OPEN"", ""healthy"": true, ""fps"": 7.0, ""resolution"": ""352x240"", ""last_frame_age_ms"": 282, ""stall_count"": 0, ""readable_frames"": 1034, ""queue_depth"": 8, ""last_error"": """"}, ""CAM-03"": {""state"": ""OPEN"", ""healthy"": true, ""fps"": 7.0, ""resolution"": ""352x240"", ""last_frame_age_ms"": 32, ""stall_count"": 0, ""readable_frames"": 1067, ""queue_depth"": 8, ""last_error"": """"}}"
150.5,23860,231.9,575,9,4,True,"{""CAM-07"": {""state"": ""OPEN"", ""healthy"": true, ""fps"": 15.0, ""resolution"": ""1280x720"", ""last_frame_age_ms"": 77, ""stall_count"": 0, ""readable_frames"": 2412, ""queue_depth"": 8, ""last_error"": """"}, ""CAM-01"": {""state"": ""OPEN"", ""healthy"": true, ""fps"": 7.0, ""resolution"": ""352x240"", ""last_frame_age_ms"": 15, ""stall_count"": 0, ""readable_frames"": 1148, ""queue_depth"": 8, ""last_error"": """"}, ""CAM-05"": {""state"": ""OPEN"", ""healthy"": true, ""fps"": 7.0, ""resolution"": ""352x240"", ""last_frame_age_ms"": 108, ""stall_count"": 0, ""readable_frames"": 1070, ""queue_depth"": 8, ""last_error"": """"}, ""CAM-03"": {""state"": ""OPEN"", ""healthy"": true, ""fps"": 7.0, ""resolution"": ""352x240"", ""last_frame_age_ms"": 61, ""stall_count"": 0, ""readable_frames"": 1102, ""queue_depth"": 8, ""last_error"": """"}}"
155.5,23860,235.3,575,9,4,True,"{""CAM-07"": {""state"": ""OPEN"", ""healthy"": true, ""fps"": 15.0, ""resolution"": ""1280x720"", ""last_frame_age_ms"": 77, ""stall_count"": 0, ""readable_frames"": 2487, ""queue_depth"": 8, ""last_error"": """"}, ""CAM-01"": {""state"": ""OPEN"", ""healthy"": true, ""fps"": 7.0, ""resolution"": ""352x240"", ""last_frame_age_ms"": 0, ""stall_count"": 0, ""readable_frames"": 1183, ""queue_depth"": 8, ""last_error"": """"}, ""CAM-05"": {""state"": ""OPEN"", ""healthy"": true, ""fps"": 7.0, ""resolution"": ""352x240"", ""last_frame_age_ms"": 313, ""stall_count"": 0, ""readable_frames"": 1104, ""queue_depth"": 8, ""last_error"": """"}, ""CAM-03"": {""state"": ""OPEN"", ""healthy"": true, ""fps"": 7.0, ""resolution"": ""352x240"", ""last_frame_age_ms"": 343, ""stall_count"": 0, ""readable_frames"": 1135, ""queue_depth"": 8, ""last_error"": """"}}"
160.5,23860,231.9,575,9,4,True,"{""CAM-07"": {""state"": ""OPEN"", ""healthy"": true, ""fps"": 15.0, ""resolution"": ""1280x720"", ""last_frame_age_ms"": 32, ""stall_count"": 0, ""readable_frames"": 2563, ""queue_depth"": 8, ""last_error"": """"}, ""CAM-01"": {""state"": ""OPEN"", ""healthy"": true, ""fps"": 7.0, ""resolution"": ""352x240"", ""last_frame_age_ms"": 32, ""stall_count"": 0, ""readable_frames"": 1218, ""queue_depth"": 8, ""last_error"": """"}, ""CAM-05"": {""state"": ""OPEN"", ""healthy"": true, ""fps"": 7.0, ""resolution"": ""352x240"", ""last_frame_age_ms"": 141, ""stall_count"": 0, ""readable_frames"": 1140, ""queue_depth"": 8, ""last_error"": """"}, ""CAM-03"": {""state"": ""OPEN"", ""healthy"": true, ""fps"": 7.0, ""resolution"": ""352x240"", ""last_frame_age_ms"": 93, ""stall_count"": 0, ""readable_frames"": 1172, ""queue_depth"": 8, ""last_error"": """"}}"
165.5,23860,231.9,575,9,4,True,"{""CAM-07"": {""state"": ""OPEN"", ""healthy"": true, ""fps"": 15.0, ""resolution"": ""1280x720"", ""last_frame_age_ms"": 47, ""stall_count"": 0, ""readable_frames"": 2638, ""queue_depth"": 8, ""last_error"": """"}, ""CAM-01"": {""state"": ""OPEN"", ""healthy"": true, ""fps"": 7.0, ""resolution"": ""352x240"", ""last_frame_age_ms"": 47, ""stall_count"": 0, ""readable_frames"": 1253, ""queue_depth"": 8, ""last_error"": """"}, ""CAM-05"": {""state"": ""OPEN"", ""healthy"": true, ""fps"": 7.0, ""resolution"": ""352x240"", ""last_frame_age_ms"": 358, ""stall_count"": 0, ""readable_frames"": 1174, ""queue_depth"": 8, ""last_error"": """"}, ""CAM-03"": {""state"": ""OPEN"", ""healthy"": true, ""fps"": 7.0, ""resolution"": ""352x240"", ""last_frame_age_ms"": 108, ""stall_count"": 0, ""readable_frames"": 1207, ""queue_depth"": 8, ""last_error"": """"}}"
170.5,23860,231.9,575,9,4,True,"{""CAM-07"": {""state"": ""OPEN"", ""healthy"": true, ""fps"": 15.0, ""resolution"": ""1280x720"", ""last_frame_age_ms"": 16, ""stall_count"": 0, ""readable_frames"": 2710, ""queue_depth"": 8, ""last_error"": """"}, ""CAM-01"": {""state"": ""OPEN"", ""healthy"": true, ""fps"": 7.0, ""resolution"": ""352x240"", ""last_frame_age_ms"": 78, ""stall_count"": 0, ""readable_frames"": 1288, ""queue_depth"": 8, ""last_error"": """"}, ""CAM-05"": {""state"": ""OPEN"", ""healthy"": true, ""fps"": 7.0, ""resolution"": ""352x240"", ""last_frame_age_ms"": 31, ""stall_count"": 0, ""readable_frames"": 1211, ""queue_depth"": 8, ""last_error"": """"}, ""CAM-03"": {""state"": ""OPEN"", ""healthy"": true, ""fps"": 7.0, ""resolution"": ""352x240"", ""last_frame_age_ms"": 0, ""stall_count"": 0, ""readable_frames"": 1243, ""queue_depth"": 8, ""last_error"": """"}}"
175.6,23860,231.9,575,9,4,True,"{""CAM-07"": {""state"": ""OPEN"", ""healthy"": true, ""fps"": 15.0, ""resolution"": ""1280x720"", ""last_frame_age_ms"": 14, ""stall_count"": 0, ""readable_frames"": 2789, ""queue_depth"": 8, ""last_error"": """"}, ""CAM-01"": {""state"": ""OPEN"", ""healthy"": true, ""fps"": 7.0, ""resolution"": ""352x240"", ""last_frame_age_ms"": 77, ""stall_count"": 0, ""readable_frames"": 1323, ""queue_depth"": 8, ""last_error"": """"}, ""CAM-05"": {""state"": ""OPEN"", ""healthy"": true, ""fps"": 7.0, ""resolution"": ""352x240"", ""last_frame_age_ms"": 61, ""stall_count"": 0, ""readable_frames"": 1246, ""queue_depth"": 8, ""last_error"": """"}, ""CAM-03"": {""state"": ""OPEN"", ""healthy"": true, ""fps"": 7.0, ""resolution"": ""352x240"", ""last_frame_age_ms"": 14, ""stall_count"": 0, ""readable_frames"": 1278, ""queue_depth"": 8, ""last_error"": """"}}"
180.6,23860,231.9,575,9,4,True,"{""CAM-07"": {""state"": ""OPEN"", ""healthy"": true, ""fps"": 15.0, ""resolution"": ""1280x720"", ""last_frame_age_ms"": 30, ""stall_count"": 0, ""readable_frames"": 2864, ""queue_depth"": 8, ""last_error"": """"}, ""CAM-01"": {""state"": ""OPEN"", ""healthy"": true, ""fps"": 7.0, ""resolution"": ""352x240"", ""last_frame_age_ms"": 108, ""stall_count"": 0, ""readable_frames"": 1358, ""queue_depth"": 8, ""last_error"": """"}, ""CAM-05"": {""state"": ""OPEN"", ""healthy"": true, ""fps"": 7.0, ""resolution"": ""352x240"", ""last_frame_age_ms"": 30, ""stall_count"": 0, ""readable_frames"": 1281, ""queue_depth"": 8, ""last_error"": """"}, ""CAM-03"": {""state"": ""OPEN"", ""healthy"": true, ""fps"": 7.0, ""resolution"": ""352x240"", ""last_frame_age_ms"": 30, ""stall_count"": 0, ""readable_frames"": 1313, ""queue_depth"": 8, ""last_error"": """"}}"
185.6,23860,231.9,575,9,4,True,"{""CAM-07"": {""state"": ""OPEN"", ""healthy"": true, ""fps"": 15.0, ""resolution"": ""1280x720"", ""last_frame_age_ms"": 46, ""stall_count"": 0, ""readable_frames"": 2939, ""queue_depth"": 8, ""last_error"": """"}, ""CAM-01"": {""state"": ""OPEN"", ""healthy"": true, ""fps"": 7.0, ""resolution"": ""352x240"", ""last_frame_age_ms"": 62, ""stall_count"": 0, ""readable_frames"": 1393, ""queue_depth"": 8, ""last_error"": """"}, ""CAM-05"": {""state"": ""OPEN"", ""healthy"": true, ""fps"": 7.0, ""resolution"": ""352x240"", ""last_frame_age_ms"": 77, ""stall_count"": 0, ""readable_frames"": 1316, ""queue_depth"": 8, ""last_error"": """"}, ""CAM-03"": {""state"": ""OPEN"", ""healthy"": true, ""fps"": 7.0, ""resolution"": ""352x240"", ""last_frame_age_ms"": 32, ""stall_count"": 0, ""readable_frames"": 1348, ""queue_depth"": 8, ""last_error"": """"}}"
190.6,23860,231.9,575,9,4,True,"{""CAM-07"": {""state"": ""OPEN"", ""healthy"": true, ""fps"": 15.0, ""resolution"": ""1280x720"", ""last_frame_age_ms"": 61, ""stall_count"": 0, ""readable_frames"": 3014, ""queue_depth"": 8, ""last_error"": """"}, ""CAM-01"": {""state"": ""OPEN"", ""healthy"": true, ""fps"": 7.0, ""resolution"": ""352x240"", ""last_frame_age_ms"": 0, ""stall_count"": 0, ""readable_frames"": 1429, ""queue_depth"": 8, ""last_error"": """"}, ""CAM-05"": {""state"": ""OPEN"", ""healthy"": true, ""fps"": 7.0, ""resolution"": ""352x240"", ""last_frame_age_ms"": 61, ""stall_count"": 0, ""readable_frames"": 1351, ""queue_depth"": 8, ""last_error"": """"}, ""CAM-03"": {""state"": ""OPEN"", ""healthy"": true, ""fps"": 7.0, ""resolution"": ""352x240"", ""last_frame_age_ms"": 61, ""stall_count"": 0, ""readable_frames"": 1383, ""queue_depth"": 8, ""last_error"": """"}}"
195.6,23860,231.9,575,9,4,True,"{""CAM-07"": {""state"": ""OPEN"", ""healthy"": true, ""fps"": 15.0, ""resolution"": ""1280x720"", ""last_frame_age_ms"": 77, ""stall_count"": 0, ""readable_frames"": 3089, ""queue_depth"": 8, ""last_error"": """"}, ""CAM-01"": {""state"": ""OPEN"", ""healthy"": true, ""fps"": 7.0, ""resolution"": ""352x240"", ""last_frame_age_ms"": 0, ""stall_count"": 0, ""readable_frames"": 1464, ""queue_depth"": 8, ""last_error"": """"}, ""CAM-05"": {""state"": ""OPEN"", ""healthy"": true, ""fps"": 7.0, ""resolution"": ""352x240"", ""last_frame_age_ms"": 452, ""stall_count"": 0, ""readable_frames"": 1384, ""queue_depth"": 8, ""last_error"": """"}, ""CAM-03"": {""state"": ""OPEN"", ""healthy"": true, ""fps"": 7.0, ""resolution"": ""352x240"", ""last_frame_age_ms"": 218, ""stall_count"": 0, ""readable_frames"": 1417, ""queue_depth"": 8, ""last_error"": """"}}"
200.6,23860,232.6,575,9,4,True,"{""CAM-07"": {""state"": ""OPEN"", ""healthy"": true, ""fps"": 15.0, ""resolution"": ""1280x720"", ""last_frame_age_ms"": 93, ""stall_count"": 0, ""readable_frames"": 3164, ""queue_depth"": 8, ""last_error"": """"}, ""CAM-01"": {""state"": ""OPEN"", ""healthy"": true, ""fps"": 7.0, ""resolution"": ""352x240"", ""last_frame_age_ms"": 172, ""stall_count"": 0, ""readable_frames"": 1498, ""queue_depth"": 8, ""last_error"": """"}, ""CAM-05"": {""state"": ""OPEN"", ""healthy"": true, ""fps"": 7.0, ""resolution"": ""352x240"", ""last_frame_age_ms"": 125, ""stall_count"": 0, ""readable_frames"": 1421, ""queue_depth"": 8, ""last_error"": """"}, ""CAM-03"": {""state"": ""OPEN"", ""healthy"": true, ""fps"": 7.0, ""resolution"": ""352x240"", ""last_frame_age_ms"": 79, ""stall_count"": 0, ""readable_frames"": 1453, ""queue_depth"": 8, ""last_error"": """"}}"
205.7,23860,232.7,575,9,4,True,"{""CAM-07"": {""state"": ""OPEN"", ""healthy"": true, ""fps"": 15.0, ""resolution"": ""1280x720"", ""last_frame_age_ms"": 94, ""stall_count"": 0, ""readable_frames"": 3239, ""queue_depth"": 8, ""last_error"": """"}, ""CAM-01"": {""state"": ""OPEN"", ""healthy"": true, ""fps"": 7.0, ""resolution"": ""352x240"", ""last_frame_age_ms"": 47, ""stall_count"": 0, ""readable_frames"": 1534, ""queue_depth"": 8, ""last_error"": """"}, ""CAM-05"": {""state"": ""OPEN"", ""healthy"": true, ""fps"": 7.0, ""resolution"": ""352x240"", ""last_frame_age_ms"": 31, ""stall_count"": 0, ""readable_frames"": 1457, ""queue_depth"": 8, ""last_error"": """"}, ""CAM-03"": {""state"": ""OPEN"", ""healthy"": true, ""fps"": 7.0, ""resolution"": ""352x240"", ""last_frame_age_ms"": 219, ""stall_count"": 0, ""readable_frames"": 1487, ""queue_depth"": 8, ""last_error"": """"}}"
210.7,23860,232.7,575,9,4,True,"{""CAM-07"": {""state"": ""OPEN"", ""healthy"": true, ""fps"": 15.0, ""resolution"": ""1280x720"", ""last_frame_age_ms"": 110, ""stall_count"": 0, ""readable_frames"": 3314, ""queue_depth"": 8, ""last_error"": """"}, ""CAM-01"": {""state"": ""OPEN"", ""healthy"": true, ""fps"": 7.0, ""resolution"": ""352x240"", ""last_frame_age_ms"": 63, ""stall_count"": 0, ""readable_frames"": 1569, ""queue_depth"": 8, ""last_error"": """"}, ""CAM-05"": {""state"": ""OPEN"", ""healthy"": true, ""fps"": 7.0, ""resolution"": ""352x240"", ""last_frame_age_ms"": 172, ""stall_count"": 0, ""readable_frames"": 1491, ""queue_depth"": 8, ""last_error"": """"}, ""CAM-03"": {""state"": ""OPEN"", ""healthy"": true, ""fps"": 7.0, ""resolution"": ""352x240"", ""last_frame_age_ms"": 0, ""stall_count"": 0, ""readable_frames"": 1524, ""queue_depth"": 8, ""last_error"": """"}}"
215.7,23860,232.3,575,9,4,True,"{""CAM-07"": {""state"": ""OPEN"", ""healthy"": true, ""fps"": 15.0, ""resolution"": ""1280x720"", ""last_frame_age_ms"": 139, ""stall_count"": 0, ""readable_frames"": 3389, ""queue_depth"": 8, ""last_error"": """"}, ""CAM-01"": {""state"": ""OPEN"", ""healthy"": true, ""fps"": 7.0, ""resolution"": ""352x240"", ""last_frame_age_ms"": 77, ""stall_count"": 0, ""readable_frames"": 1604, ""queue_depth"": 8, ""last_error"": """"}, ""CAM-05"": {""state"": ""OPEN"", ""healthy"": true, ""fps"": 7.0, ""resolution"": ""352x240"", ""last_frame_age_ms"": 30, ""stall_count"": 0, ""readable_frames"": 1527, ""queue_depth"": 8, ""last_error"": """"}, ""CAM-03"": {""state"": ""OPEN"", ""healthy"": true, ""fps"": 7.0, ""resolution"": ""352x240"", ""last_frame_age_ms"": 14, ""stall_count"": 0, ""readable_frames"": 1559, ""queue_depth"": 8, ""last_error"": """"}}"
220.7,23860,232.3,575,9,4,True,"{""CAM-07"": {""state"": ""OPEN"", ""healthy"": true, ""fps"": 15.0, ""resolution"": ""1280x720"", ""last_frame_age_ms"": 155, ""stall_count"": 0, ""readable_frames"": 3464, ""queue_depth"": 8, ""last_error"": """"}, ""CAM-01"": {""state"": ""OPEN"", ""healthy"": true, ""fps"": 7.0, ""resolution"": ""352x240"", ""last_frame_age_ms"": 108, ""stall_count"": 0, ""readable_frames"": 1639, ""queue_depth"": 8, ""last_error"": """"}, ""CAM-05"": {""state"": ""OPEN"", ""healthy"": true, ""fps"": 7.0, ""resolution"": ""352x240"", ""last_frame_age_ms"": 327, ""stall_count"": 0, ""readable_frames"": 1560, ""queue_depth"": 8, ""last_error"": """"}, ""CAM-03"": {""state"": ""OPEN"", ""healthy"": true, ""fps"": 7.0, ""resolution"": ""352x240"", ""last_frame_age_ms"": 16, ""stall_count"": 0, ""readable_frames"": 1594, ""queue_depth"": 8, ""last_error"": """"}}"
225.7,23860,232.3,575,9,4,True,"{""CAM-07"": {""state"": ""OPEN"", ""healthy"": true, ""fps"": 15.0, ""resolution"": ""1280x720"", ""last_frame_age_ms"": 171, ""stall_count"": 0, ""readable_frames"": 3539, ""queue_depth"": 8, ""last_error"": """"}, ""CAM-01"": {""state"": ""OPEN"", ""healthy"": true, ""fps"": 7.0, ""resolution"": ""352x240"", ""last_frame_age_ms"": 93, ""stall_count"": 0, ""readable_frames"": 1674, ""queue_depth"": 8, ""last_error"": """"}, ""CAM-05"": {""state"": ""OPEN"", ""healthy"": true, ""fps"": 7.0, ""resolution"": ""352x240"", ""last_frame_age_ms"": 77, ""stall_count"": 0, ""readable_frames"": 1597, ""queue_depth"": 8, ""last_error"": """"}, ""CAM-03"": {""state"": ""OPEN"", ""healthy"": true, ""fps"": 7.0, ""resolution"": ""352x240"", ""last_frame_age_ms"": 46, ""stall_count"": 0, ""readable_frames"": 1629, ""queue_depth"": 8, ""last_error"": """"}}"
230.7,23860,232.3,575,9,4,True,"{""CAM-07"": {""state"": ""OPEN"", ""healthy"": true, ""fps"": 15.0, ""resolution"": ""1280x720"", ""last_frame_age_ms"": 186, ""stall_count"": 0, ""readable_frames"": 3614, ""queue_depth"": 8, ""last_error"": """"}, ""CAM-01"": {""state"": ""OPEN"", ""healthy"": true, ""fps"": 7.0, ""resolution"": ""352x240"", ""last_frame_age_ms"": 0, ""stall_count"": 0, ""readable_frames"": 1710, ""queue_depth"": 8, ""last_error"": """"}, ""CAM-05"": {""state"": ""OPEN"", ""healthy"": true, ""fps"": 7.0, ""resolution"": ""352x240"", ""last_frame_age_ms"": 92, ""stall_count"": 0, ""readable_frames"": 1632, ""queue_depth"": 8, ""last_error"": """"}, ""CAM-03"": {""state"": ""OPEN"", ""healthy"": true, ""fps"": 7.0, ""resolution"": ""352x240"", ""last_frame_age_ms"": 77, ""stall_count"": 0, ""readable_frames"": 1664, ""queue_depth"": 8, ""last_error"": """"}}"
235.8,23860,232.3,575,9,4,True,"{""CAM-07"": {""state"": ""OPEN"", ""healthy"": true, ""fps"": 15.0, ""resolution"": ""1280x720"", ""last_frame_age_ms"": 93, ""stall_count"": 0, ""readable_frames"": 3689, ""queue_depth"": 8, ""last_error"": """"}, ""CAM-01"": {""state"": ""OPEN"", ""healthy"": true, ""fps"": 7.0, ""resolution"": ""352x240"", ""last_frame_age_ms"": 0, ""stall_count"": 0, ""readable_frames"": 1745, ""queue_depth"": 8, ""last_error"": """"}, ""CAM-05"": {""state"": ""OPEN"", ""healthy"": true, ""fps"": 7.0, ""resolution"": ""352x240"", ""last_frame_age_ms"": 93, ""stall_count"": 0, ""readable_frames"": 1667, ""queue_depth"": 8, ""last_error"": """"}, ""CAM-03"": {""state"": ""OPEN"", ""healthy"": true, ""fps"": 7.0, ""resolution"": ""352x240"", ""last_frame_age_ms"": 77, ""stall_count"": 0, ""readable_frames"": 1699, ""queue_depth"": 8, ""last_error"": """"}}"
240.8,23860,232.3,575,9,4,True,"{""CAM-07"": {""state"": ""OPEN"", ""healthy"": true, ""fps"": 15.0, ""resolution"": ""1280x720"", ""last_frame_age_ms"": 234, ""stall_count"": 0, ""readable_frames"": 3764, ""queue_depth"": 8, ""last_error"": """"}, ""CAM-01"": {""state"": ""OPEN"", ""healthy"": true, ""fps"": 7.0, ""resolution"": ""352x240"", ""last_frame_age_ms"": 0, ""stall_count"": 0, ""readable_frames"": 1780, ""queue_depth"": 8, ""last_error"": """"}, ""CAM-05"": {""state"": ""OPEN"", ""healthy"": true, ""fps"": 7.0, ""resolution"": ""352x240"", ""last_frame_age_ms"": 125, ""stall_count"": 0, ""readable_frames"": 1702, ""queue_depth"": 8, ""last_error"": """"}, ""CAM-03"": {""state"": ""OPEN"", ""healthy"": true, ""fps"": 7.0, ""resolution"": ""352x240"", ""last_frame_age_ms"": 79, ""stall_count"": 0, ""readable_frames"": 1734, ""queue_depth"": 8, ""last_error"": """"}}"
245.8,23860,232.3,575,9,4,True,"{""CAM-07"": {""state"": ""OPEN"", ""healthy"": true, ""fps"": 15.0, ""resolution"": ""1280x720"", ""last_frame_age_ms"": 219, ""stall_count"": 0, ""readable_frames"": 3839, ""queue_depth"": 8, ""last_error"": """"}, ""CAM-01"": {""state"": ""OPEN"", ""healthy"": true, ""fps"": 7.0, ""resolution"": ""352x240"", ""last_frame_age_ms"": 312, ""stall_count"": 0, ""readable_frames"": 1813, ""queue_depth"": 8, ""last_error"": """"}, ""CAM-05"": {""state"": ""OPEN"", ""healthy"": true, ""fps"": 7.0, ""resolution"": ""352x240"", ""last_frame_age_ms"": 156, ""stall_count"": 0, ""readable_frames"": 1737, ""queue_depth"": 8, ""last_error"": """"}, ""CAM-03"": {""state"": ""OPEN"", ""healthy"": true, ""fps"": 7.0, ""resolution"": ""352x240"", ""last_frame_age_ms"": 108, ""stall_count"": 0, ""readable_frames"": 1769, ""queue_depth"": 8, ""last_error"": """"}}"
250.8,23860,232.3,575,9,4,True,"{""CAM-07"": {""state"": ""OPEN"", ""healthy"": true, ""fps"": 15.0, ""resolution"": ""1280x720"", ""last_frame_age_ms"": 31, ""stall_count"": 0, ""readable_frames"": 3914, ""queue_depth"": 8, ""last_error"": """"}, ""CAM-01"": {""state"": ""OPEN"", ""healthy"": true, ""fps"": 7.0, ""resolution"": ""352x240"", ""last_frame_age_ms"": 47, ""stall_count"": 0, ""readable_frames"": 1850, ""queue_depth"": 8, ""last_error"": """"}, ""CAM-05"": {""state"": ""OPEN"", ""healthy"": true, ""fps"": 7.0, ""resolution"": ""352x240"", ""last_frame_age_ms"": 31, ""stall_count"": 0, ""readable_frames"": 1773, ""queue_depth"": 8, ""last_error"": """"}, ""CAM-03"": {""state"": ""OPEN"", ""healthy"": true, ""fps"": 7.0, ""resolution"": ""352x240"", ""last_frame_age_ms"": 125, ""stall_count"": 0, ""readable_frames"": 1804, ""queue_depth"": 8, ""last_error"": """"}}"
255.8,23860,232.3,575,9,4,True,"{""CAM-07"": {""state"": ""OPEN"", ""healthy"": true, ""fps"": 15.0, ""resolution"": ""1280x720"", ""last_frame_age_ms"": 14, ""stall_count"": 0, ""readable_frames"": 3991, ""queue_depth"": 8, ""last_error"": """"}, ""CAM-01"": {""state"": ""OPEN"", ""healthy"": true, ""fps"": 7.0, ""resolution"": ""352x240"", ""last_frame_age_ms"": 342, ""stall_count"": 0, ""readable_frames"": 1883, ""queue_depth"": 8, ""last_error"": """"}, ""CAM-05"": {""state"": ""OPEN"", ""healthy"": true, ""fps"": 7.0, ""resolution"": ""352x240"", ""last_frame_age_ms"": 30, ""stall_count"": 0, ""readable_frames"": 1808, ""queue_depth"": 8, ""last_error"": """"}, ""CAM-03"": {""state"": ""OPEN"", ""healthy"": true, ""fps"": 7.0, ""resolution"": ""352x240"", ""last_frame_age_ms"": 139, ""stall_count"": 0, ""readable_frames"": 1839, ""queue_depth"": 8, ""last_error"": """"}}"
260.8,23860,232.3,575,9,4,True,"{""CAM-07"": {""state"": ""OPEN"", ""healthy"": true, ""fps"": 15.0, ""resolution"": ""1280x720"", ""last_frame_age_ms"": 280, ""stall_count"": 0, ""readable_frames"": 4064, ""queue_depth"": 8, ""last_error"": """"}, ""CAM-01"": {""state"": ""OPEN"", ""healthy"": true, ""fps"": 7.0, ""resolution"": ""352x240"", ""last_frame_age_ms"": 93, ""stall_count"": 0, ""readable_frames"": 1920, ""queue_depth"": 8, ""last_error"": """"}, ""CAM-05"": {""state"": ""OPEN"", ""healthy"": true, ""fps"": 7.0, ""resolution"": ""352x240"", ""last_frame_age_ms"": 61, ""stall_count"": 0, ""readable_frames"": 1843, ""queue_depth"": 8, ""last_error"": """"}, ""CAM-03"": {""state"": ""OPEN"", ""healthy"": true, ""fps"": 7.0, ""resolution"": ""352x240"", ""last_frame_age_ms"": 125, ""stall_count"": 0, ""readable_frames"": 1874, ""queue_depth"": 8, ""last_error"": """"}}"
265.8,23860,232.3,575,9,4,True,"{""CAM-07"": {""state"": ""OPEN"", ""healthy"": true, ""fps"": 15.0, ""resolution"": ""1280x720"", ""last_frame_age_ms"": 32, ""stall_count"": 0, ""readable_frames"": 4143, ""queue_depth"": 8, ""last_error"": """"}, ""CAM-01"": {""state"": ""OPEN"", ""healthy"": true, ""fps"": 7.0, ""resolution"": ""352x240"", ""last_frame_age_ms"": 93, ""stall_count"": 0, ""readable_frames"": 1955, ""queue_depth"": 8, ""last_error"": """"}, ""CAM-05"": {""state"": ""OPEN"", ""healthy"": true, ""fps"": 7.0, ""resolution"": ""352x240"", ""last_frame_age_ms"": 62, ""stall_count"": 0, ""readable_frames"": 1878, ""queue_depth"": 8, ""last_error"": """"}, ""CAM-03"": {""state"": ""OPEN"", ""healthy"": true, ""fps"": 7.0, ""resolution"": ""352x240"", ""last_frame_age_ms"": 141, ""stall_count"": 0, ""readable_frames"": 1909, ""queue_depth"": 8, ""last_error"": """"}}"
270.9,23860,232.3,575,9,4,True,"{""CAM-07"": {""state"": ""OPEN"", ""healthy"": true, ""fps"": 15.0, ""resolution"": ""1280x720"", ""last_frame_age_ms"": 202, ""stall_count"": 0, ""readable_frames"": 4214, ""queue_depth"": 8, ""last_error"": """"}, ""CAM-01"": {""state"": ""OPEN"", ""healthy"": true, ""fps"": 7.0, ""resolution"": ""352x240"", ""last_frame_age_ms"": 108, ""stall_count"": 0, ""readable_frames"": 1990, ""queue_depth"": 8, ""last_error"": """"}, ""CAM-05"": {""state"": ""OPEN"", ""healthy"": true, ""fps"": 7.0, ""resolution"": ""352x240"", ""last_frame_age_ms"": 92, ""stall_count"": 0, ""readable_frames"": 1913, ""queue_depth"": 8, ""last_error"": """"}, ""CAM-03"": {""state"": ""OPEN"", ""healthy"": true, ""fps"": 7.0, ""resolution"": ""352x240"", ""last_frame_age_ms"": 186, ""stall_count"": 0, ""readable_frames"": 1944, ""queue_depth"": 8, ""last_error"": """"}}"
275.9,23860,232.3,575,9,4,True,"{""CAM-07"": {""state"": ""OPEN"", ""healthy"": true, ""fps"": 15.0, ""resolution"": ""1280x720"", ""last_frame_age_ms"": 327, ""stall_count"": 0, ""readable_frames"": 4289, ""queue_depth"": 8, ""last_error"": """"}, ""CAM-01"": {""state"": ""OPEN"", ""healthy"": true, ""fps"": 7.0, ""resolution"": ""352x240"", ""last_frame_age_ms"": 108, ""stall_count"": 0, ""readable_frames"": 2025, ""queue_depth"": 8, ""last_error"": """"}, ""CAM-05"": {""state"": ""OPEN"", ""healthy"": true, ""fps"": 7.0, ""resolution"": ""352x240"", ""last_frame_age_ms"": 93, ""stall_count"": 0, ""readable_frames"": 1948, ""queue_depth"": 8, ""last_error"": """"}, ""CAM-03"": {""state"": ""OPEN"", ""healthy"": true, ""fps"": 7.0, ""resolution"": ""352x240"", ""last_frame_age_ms"": 202, ""stall_count"": 0, ""readable_frames"": 1979, ""queue_depth"": 8, ""last_error"": """"}}"
280.9,23860,232.3,575,9,4,True,"{""CAM-07"": {""state"": ""OPEN"", ""healthy"": true, ""fps"": 15.0, ""resolution"": ""1280x720"", ""last_frame_age_ms"": 16, ""stall_count"": 0, ""readable_frames"": 4368, ""queue_depth"": 8, ""last_error"": """"}, ""CAM-01"": {""state"": ""OPEN"", ""healthy"": true, ""fps"": 7.0, ""resolution"": ""352x240"", ""last_frame_age_ms"": 438, ""stall_count"": 0, ""readable_frames"": 2058, ""queue_depth"": 8, ""last_error"": """"}, ""CAM-05"": {""state"": ""OPEN"", ""healthy"": true, ""fps"": 7.0, ""resolution"": ""352x240"", ""last_frame_age_ms"": 250, ""stall_count"": 0, ""readable_frames"": 1982, ""queue_depth"": 8, ""last_error"": """"}, ""CAM-03"": {""state"": ""OPEN"", ""healthy"": true, ""fps"": 7.0, ""resolution"": ""352x240"", ""last_frame_age_ms"": 32, ""stall_count"": 0, ""readable_frames"": 2015, ""queue_depth"": 8, ""last_error"": """"}}"
285.9,23860,232.3,575,9,4,True,"{""CAM-07"": {""state"": ""OPEN"", ""healthy"": true, ""fps"": 15.0, ""resolution"": ""1280x720"", ""last_frame_age_ms"": 78, ""stall_count"": 0, ""readable_frames"": 4443, ""queue_depth"": 8, ""last_error"": """"}, ""CAM-01"": {""state"": ""OPEN"", ""healthy"": true, ""fps"": 7.0, ""resolution"": ""352x240"", ""last_frame_age_ms"": 312, ""stall_count"": 0, ""readable_frames"": 2094, ""queue_depth"": 8, ""last_error"": """"}, ""CAM-05"": {""state"": ""OPEN"", ""healthy"": true, ""fps"": 7.0, ""resolution"": ""352x240"", ""last_frame_age_ms"": 125, ""stall_count"": 0, ""readable_frames"": 2018, ""queue_depth"": 8, ""last_error"": """"}, ""CAM-03"": {""state"": ""OPEN"", ""healthy"": true, ""fps"": 7.0, ""resolution"": ""352x240"", ""last_frame_age_ms"": 31, ""stall_count"": 0, ""readable_frames"": 2050, ""queue_depth"": 8, ""last_error"": """"}}"
290.9,23860,232.4,575,9,4,True,"{""CAM-07"": {""state"": ""OPEN"", ""healthy"": true, ""fps"": 15.0, ""resolution"": ""1280x720"", ""last_frame_age_ms"": 0, ""stall_count"": 0, ""readable_frames"": 4519, ""queue_depth"": 8, ""last_error"": """"}, ""CAM-01"": {""state"": ""OPEN"", ""healthy"": true, ""fps"": 7.0, ""resolution"": ""352x240"", ""last_frame_age_ms"": 47, ""stall_count"": 0, ""readable_frames"": 2131, ""queue_depth"": 8, ""last_error"": """"}, ""CAM-05"": {""state"": ""OPEN"", ""healthy"": true, ""fps"": 7.0, ""resolution"": ""352x240"", ""last_frame_age_ms"": 0, ""stall_count"": 0, ""readable_frames"": 2054, ""queue_depth"": 8, ""last_error"": """"}, ""CAM-03"": {""state"": ""OPEN"", ""healthy"": true, ""fps"": 7.0, ""resolution"": ""352x240"", ""last_frame_age_ms"": 47, ""stall_count"": 0, ""readable_frames"": 2085, ""queue_depth"": 8, ""last_error"": """"}}"
295.9,23860,232.4,574,9,4,True,"{""CAM-07"": {""state"": ""OPEN"", ""healthy"": true, ""fps"": 15.0, ""resolution"": ""1280x720"", ""last_frame_age_ms"": 30, ""stall_count"": 0, ""readable_frames"": 4594, ""queue_depth"": 8, ""last_error"": """"}, ""CAM-01"": {""state"": ""OPEN"", ""healthy"": true, ""fps"": 7.0, ""resolution"": ""352x240"", ""last_frame_age_ms"": 342, ""stall_count"": 0, ""readable_frames"": 2164, ""queue_depth"": 8, ""last_error"": """"}, ""CAM-05"": {""state"": ""OPEN"", ""healthy"": true, ""fps"": 7.0, ""resolution"": ""352x240"", ""last_frame_age_ms"": 30, ""stall_count"": 0, ""readable_frames"": 2089, ""queue_depth"": 8, ""last_error"": """"}, ""CAM-03"": {""state"": ""OPEN"", ""healthy"": true, ""fps"": 7.0, ""resolution"": ""352x240"", ""last_frame_age_ms"": 233, ""stall_count"": 0, ""readable_frames"": 2119, ""queue_depth"": 8, ""last_error"": """"}}"
